Neighbourhood,assault 2014,assault 2015,assault 2016,assault 2017,assault 2018,assault 2019,assault 2020,assault 2021,assault 2022,assault 2023,autotheft 2014,autotheft 2015,autotheft 2016,autotheft 2017,autotheft 2018,autotheft 2019,autotheft 2020,autotheft 2021,autotheft 2022,autotheft 2023,biketheft 2014,biketheft 2015,biketheft 2016,biketheft 2017,biketheft 2018,biketheft 2019,biketheft 2020,biketheft 2021,biketheft 2022,biketheft 2023,breakenter 2014,breakenter 2015,breakenter 2016,breakenter 2017,breakenter 2018,breakenter 2019,breakenter 2020,breakenter 2021,breakenter 2022,breakenter 2023,homicide 2014,homicide 2015,homicide 2016,homicide 2017,homicide 2018,homicide 2019,homicide 2020,homicide 2021,homicide 2022,homicide 2023,robbery 2014,robbery 2015,robbery 2016,robbery 2017,robbery 2018,robbery 2019,robbery 2020,robbery 2021,robbery 2022,robbery 2023,shooting 2014,shooting 2015,shooting 2016,shooting 2017,shooting 2018,shooting 2019,shooting 2020,shooting 2021,shooting 2022,shooting 2023,theftfrommv 2014,theftfrommv 2015,theftfrommv 2016,theftfrommv 2017,theftfrommv 2018,theftfrommv 2019,theftfrommv 2020,theftfrommv 2021,theftfrommv 2022,theftfrommv 2023,theftover 2014,theftover 2015,theftover 2016,theftover 2017,theftover 2018,theftover 2019,theftover 2020,theftover 2021,theftover 2022,theftover 2023
South Eglinton-Davisville,63,61,70,82,85,70,82,121,128,101,5,4,3,8,15,8,15,15,10,21,17,19,27,34,30,42,94,34,18,37,27,32,25,37,48,83,70,44,26,43,0,0,1,0,0,1,1,1,0,0,12,10,9,7,17,5,16,11,16,3,1,0,1,0,1,1,1,0,1,0,18,19,13,17,19,24,43,22,43,40,4,3,4,1,3,3,5,6,3,8
North Toronto,45,52,43,52,55,77,72,104,130,105,4,1,2,2,4,4,11,14,10,18,5,13,9,13,17,22,50,22,10,22,25,44,15,24,42,36,88,49,46,31,0,0,0,0,0,1,1,0,0,0,5,10,7,6,9,19,3,10,11,14,0,0,0,0,0,0,0,1,1,0,18,6,13,13,7,18,24,17,23,41,2,3,2,2,5,4,6,2,4,7
Dovercourt Village,56,57,79,94,94,96,75,101,95,104,8,10,18,11,11,12,18,8,25,28,26,34,52,45,30,26,28,26,20,38,38,21,37,39,50,83,47,19,33,46,1,0,0,1,0,2,1,0,0,0,24,19,13,38,31,14,15,22,10,21,0,0,2,0,0,0,0,2,0,1,40,34,49,42,82,67,67,18,28,24,5,3,5,3,4,3,3,2,4,3
Junction-Wallace Emerson,154,157,166,157,157,182,169,178,139,229,19,17,12,17,29,23,44,35,47,34,40,41,50,62,65,70,54,36,36,55,37,46,41,51,91,103,110,76,56,82,1,3,0,1,0,1,0,0,0,0,26,30,26,27,18,30,22,11,20,18,0,2,1,5,3,2,5,3,3,2,70,26,48,73,153,125,139,52,61,57,5,5,6,6,7,4,9,8,8,9
Yonge-Bay Corridor,394,524,487,603,576,660,383,323,443,543,12,20,20,14,27,38,14,17,29,46,223,156,202,215,267,219,173,169,230,228,69,115,61,125,100,119,149,112,123,108,1,2,0,0,1,2,0,1,1,1,73,52,74,88,88,63,55,51,55,62,1,3,0,3,4,4,2,0,1,2,121,103,79,89,113,171,135,64,107,76,37,30,27,35,44,63,35,26,51,51
Bay-Cloverhill,104,100,123,154,135,164,101,147,120,142,6,4,6,7,15,13,9,22,14,17,78,87,99,99,96,70,59,58,68,56,26,45,58,54,71,82,79,38,43,61,0,0,0,0,0,1,0,0,0,0,11,15,19,19,29,36,19,23,19,20,0,0,0,0,1,0,0,0,1,1,36,25,24,15,32,33,35,20,26,40,16,13,13,14,10,10,7,10,9,13
Bendale-Glen Andrew,137,148,172,166,182,204,134,129,166,237,35,37,42,25,39,35,46,76,83,144,10,7,4,23,2,3,1,4,6,10,71,33,30,27,33,30,20,19,24,29,0,0,2,0,0,1,1,0,2,0,52,55,48,67,44,35,19,49,54,55,1,1,3,5,1,3,7,5,7,1,84,64,44,64,53,50,44,41,69,76,6,8,8,17,13,8,4,7,13,20
Downsview,114,127,131,137,127,143,128,134,153,208,37,32,38,31,31,69,52,61,127,95,7,4,9,4,10,8,5,6,6,8,30,33,28,26,42,37,45,28,32,74,1,0,0,0,1,2,2,0,0,0,30,25,11,15,34,20,7,11,25,28,4,2,2,5,2,7,3,0,4,3,58,51,62,51,63,72,76,55,64,70,5,11,3,13,3,7,10,5,15,17
Oakdale-Beverley Heights,221,232,230,278,302,295,235,293,310,447,66,70,51,53,77,93,103,115,107,161,5,8,7,1,7,8,11,9,14,12,57,43,24,32,44,80,44,63,50,89,0,0,1,2,0,1,0,0,2,1,41,39,36,49,38,41,50,29,39,30,4,4,4,6,7,3,5,9,7,6,75,41,43,62,117,119,158,113,106,73,10,4,8,9,11,7,14,18,19,23
Avondale,38,40,43,49,74,46,43,56,37,50,9,4,6,1,8,15,33,34,19,25,3,8,17,22,6,13,37,20,29,9,11,9,7,11,13,13,13,17,8,19,0,0,0,0,11,0,1,0,1,0,4,4,3,10,11,5,9,8,4,6,1,0,0,1,0,0,1,0,0,1,10,7,14,9,9,22,36,27,40,64,2,1,6,5,5,4,3,5,9,5
East Willowdale,43,34,53,47,46,52,40,53,58,48,17,19,32,14,14,30,23,45,44,86,7,9,15,6,1,4,16,12,8,10,69,58,54,73,56,54,36,26,40,73,0,0,0,0,0,0,0,0,0,0,14,19,14,30,32,23,18,9,12,17,1,0,0,0,1,2,2,1,2,1,25,20,35,36,37,45,48,53,65,75,3,4,3,6,3,9,4,5,13,14
Yonge-Doris,69,71,78,85,86,81,64,77,83,104,7,5,4,10,19,29,22,39,44,47,12,15,18,9,13,12,26,14,28,17,8,8,12,10,7,22,27,19,17,16,0,0,0,0,0,0,0,0,0,1,7,11,25,14,26,19,12,29,7,14,0,0,0,0,0,0,0,0,0,0,14,11,17,22,24,75,88,81,73,143,4,5,5,7,6,15,10,9,14,18
Fenside-Parkwoods,106,101,120,96,90,104,112,84,103,130,19,16,17,29,10,21,21,33,37,40,1,4,8,8,2,4,2,5,3,7,45,35,24,31,44,34,24,20,11,20,0,0,0,0,1,1,0,1,0,1,5,17,22,28,16,24,5,8,9,14,0,2,2,5,1,1,3,2,3,1,55,53,44,53,24,74,49,45,59,38,5,3,2,5,3,2,1,4,2,7
Parkwoods-O'Connor Hills,46,45,49,57,46,56,37,51,62,96,16,18,10,17,9,8,23,20,37,55,1,1,1,9,4,2,2,3,0,2,25,26,22,35,34,34,24,17,18,35,0,0,0,0,0,0,1,0,0,0,7,1,11,18,5,10,4,15,7,6,1,0,1,2,0,0,2,2,2,2,37,43,44,50,32,29,36,29,28,27,1,3,1,5,4,3,1,1,1,7
East L'Amoreaux,59,90,83,86,75,92,104,79,77,83,7,8,13,11,13,13,14,19,45,53,0,2,2,2,4,2,1,2,3,7,35,50,20,33,35,40,23,14,24,26,0,0,1,0,0,0,0,0,0,0,31,16,17,15,21,45,11,7,7,10,1,1,2,1,1,3,3,2,2,4,44,32,28,26,34,26,34,17,35,40,3,7,2,3,6,2,2,4,11,6
L'Amoreaux West,68,73,93,100,88,107,82,101,95,118,11,12,15,14,19,26,20,18,29,63,2,1,5,7,7,6,5,7,3,8,33,34,30,40,41,46,25,17,17,27,1,0,1,1,0,0,3,0,1,1,24,22,22,27,22,20,16,8,10,19,1,3,5,11,6,6,8,3,4,1,35,35,24,32,32,32,39,37,49,47,1,2,2,3,3,0,3,3,5,1
Malvern East,141,193,173,180,177,217,167,142,129,145,18,13,18,27,35,40,42,43,45,64,5,4,5,3,2,2,3,7,1,6,29,22,41,23,33,15,14,20,16,33,0,0,4,2,1,0,1,1,1,0,24,28,31,34,32,23,17,22,18,20,2,4,9,6,7,5,10,4,5,3,29,20,27,52,26,36,61,26,72,53,6,1,2,3,5,3,4,2,8,0
Malvern West,78,90,107,111,101,119,72,89,85,93,7,18,18,30,27,38,24,22,55,55,2,3,3,4,2,5,4,1,3,2,34,21,24,12,31,29,11,14,8,16,0,0,0,0,2,1,0,2,0,0,15,20,32,31,21,25,7,20,13,14,2,3,1,2,4,8,5,6,2,3,39,32,38,41,42,45,31,24,32,47,4,3,6,4,11,6,2,2,3,2
Morningside Heights,103,121,90,105,110,113,82,86,101,119,31,24,16,25,47,57,43,76,128,153,3,3,1,1,2,1,0,4,2,1,40,40,42,30,45,36,19,25,24,33,1,0,0,4,0,0,0,2,0,0,15,27,26,24,18,12,18,12,27,23,2,5,5,8,2,3,4,3,2,8,43,41,40,67,52,47,76,56,55,70,7,6,11,7,11,9,7,7,14,16
West Rouge,84,60,61,90,86,75,66,66,62,70,30,29,7,8,14,32,20,38,67,99,7,4,12,7,20,8,7,3,4,4,36,33,34,41,36,23,19,22,22,26,0,0,0,0,0,0,1,1,0,1,12,9,9,20,14,23,26,7,14,22,0,1,1,0,1,3,2,6,3,3,66,30,41,65,56,40,53,31,57,47,3,2,3,5,5,4,3,4,4,4
Woburn North,148,170,173,178,177,210,181,178,183,186,26,16,22,22,24,40,63,56,107,103,5,3,2,8,5,4,0,4,9,13,65,88,42,38,61,60,25,28,35,44,1,0,0,0,0,0,1,0,2,2,42,38,33,52,36,19,26,10,23,22,1,3,2,4,4,2,2,7,7,4,61,59,55,67,81,99,80,78,104,92,8,8,9,13,10,4,13,8,12,9
Golfdale-Cedarbrae-Woburn,207,227,195,228,200,226,168,185,198,193,22,19,10,26,35,21,37,50,75,78,7,4,15,10,3,2,3,2,2,8,55,58,38,48,38,40,40,27,29,24,2,3,1,0,0,0,1,2,1,1,43,53,38,74,41,47,28,21,16,32,1,3,2,3,8,11,12,13,7,3,36,56,49,48,68,62,64,61,105,76,3,5,5,10,4,4,4,5,7,9
Guildwood,51,39,44,44,47,30,37,36,37,56,2,0,4,5,2,3,11,13,9,23,3,2,6,2,1,2,4,0,2,2,13,20,18,10,16,10,3,7,6,9,0,0,0,0,0,1,0,2,0,0,16,6,8,10,5,7,3,4,6,1,0,0,0,0,2,0,1,0,1,0,23,59,31,40,28,28,34,33,52,29,1,2,1,4,1,1,1,0,2,4
Scarborough Village,161,152,191,149,179,174,180,120,156,153,20,15,9,21,20,20,23,26,25,46,2,2,2,7,0,2,9,5,9,6,50,48,34,32,45,40,28,22,20,36,1,0,6,1,0,0,1,0,0,0,30,34,25,24,11,28,17,15,9,24,1,2,3,5,2,6,3,3,1,2,56,24,35,47,53,56,90,62,51,71,3,2,2,4,4,2,7,6,8,4
Eglinton East,185,178,205,204,185,197,146,161,174,168,19,21,22,29,11,27,33,42,44,49,1,3,2,5,1,5,11,2,7,16,41,76,65,56,45,58,23,30,39,53,0,0,0,1,1,2,2,3,1,1,66,46,43,37,35,29,21,16,25,33,4,2,3,11,2,6,11,8,6,3,29,48,42,53,67,63,92,50,104,98,8,3,6,1,6,8,8,1,9,8
West Hill,348,395,422,401,422,439,336,328,382,443,22,18,15,31,27,46,55,74,60,81,16,16,25,13,7,12,11,18,17,15,89,66,72,87,103,77,57,71,45,54,0,2,0,0,1,2,2,0,1,2,63,64,77,65,50,72,36,43,63,56,0,1,6,3,5,9,7,5,7,11,59,67,64,110,77,57,128,141,148,146,7,6,8,10,5,4,9,4,13,20
Morningside,121,139,163,159,135,177,106,83,125,131,21,17,14,12,12,8,32,32,52,50,5,3,3,0,1,1,0,0,1,2,30,20,19,16,19,17,18,16,11,8,0,1,0,0,1,1,1,0,1,0,17,23,10,19,13,18,8,5,17,3,2,0,1,1,1,3,8,3,7,4,25,34,20,36,34,34,27,21,110,49,1,1,0,2,2,4,2,1,3,3
Highland Creek,52,51,71,68,50,63,33,42,60,64,25,11,8,14,20,27,15,30,44,60,14,11,15,2,0,3,0,0,3,3,28,36,35,29,30,33,14,5,14,14,0,1,0,0,0,1,0,1,0,0,18,31,11,17,5,14,2,2,2,3,0,2,0,1,2,0,0,0,0,3,27,27,32,52,21,44,46,24,35,22,3,5,1,1,3,1,2,1,2,2
Centennial Scarborough,50,38,48,46,44,49,47,37,39,39,8,7,5,9,10,22,10,22,26,46,1,2,6,4,6,3,3,0,0,0,13,15,18,23,16,29,8,5,21,17,0,0,0,1,1,0,0,0,0,0,9,3,11,12,6,1,3,6,0,7,0,0,2,0,2,0,1,0,0,0,35,13,47,44,29,33,40,36,59,29,1,1,1,4,2,3,1,2,4,2
Milliken,68,86,88,77,73,96,85,64,67,89,39,43,35,60,91,85,71,80,103,298,2,2,0,3,4,3,1,8,1,3,102,117,67,113,120,132,60,89,63,77,0,0,0,0,0,1,0,1,1,0,39,37,40,29,17,35,32,16,34,37,0,2,1,0,2,1,1,6,4,3,67,65,43,75,76,85,84,67,83,89,16,14,9,19,18,22,12,8,12,24
Agincourt North,67,77,82,75,80,81,74,62,78,82,17,29,18,33,42,42,63,52,49,119,4,7,2,0,1,1,1,2,0,4,46,54,49,49,69,56,17,18,24,44,1,0,0,0,0,0,0,0,0,0,36,37,15,22,44,37,17,7,11,15,0,0,1,1,0,2,2,0,1,1,63,47,48,96,69,69,60,32,45,30,1,6,5,11,4,3,5,2,3,5
Agincourt South-Malvern West,104,103,130,111,118,121,127,152,177,191,33,29,27,35,38,58,63,39,82,127,1,5,3,7,6,3,5,10,6,12,73,60,61,92,93,100,81,44,53,67,0,0,0,0,1,0,2,1,0,0,26,24,21,34,33,28,18,19,33,18,0,0,2,4,5,3,1,5,3,6,86,71,62,84,72,58,66,86,83,72,19,9,12,14,10,15,8,6,10,11
Dorset Park,135,167,196,195,201,165,129,141,187,218,51,42,44,41,82,61,73,49,69,98,5,4,3,4,2,1,3,8,15,15,91,84,71,88,66,57,72,38,73,66,1,0,0,1,0,2,0,3,0,4,33,37,58,35,35,38,25,17,30,30,1,4,10,7,8,7,6,6,5,2,77,101,67,59,63,78,113,92,80,97,6,10,12,4,15,8,5,4,8,24
Ionview,97,103,104,85,89,80,85,92,83,126,5,12,6,5,3,8,6,10,10,34,0,3,0,2,3,4,4,1,3,5,33,45,17,29,19,19,15,18,12,15,0,0,0,0,0,0,0,0,0,0,18,15,9,13,7,12,2,4,4,4,1,0,0,0,1,1,1,0,2,2,12,29,15,22,21,30,33,40,43,32,1,4,4,1,1,2,0,3,2,2
Kennedy Park,218,252,214,197,221,222,183,182,226,317,26,12,13,30,30,24,31,33,53,45,1,6,5,10,12,3,4,9,8,8,49,36,46,50,48,41,32,35,44,41,0,0,0,0,2,1,0,2,0,0,78,67,29,54,31,29,27,28,30,33,0,0,2,3,3,2,1,2,3,7,33,50,34,74,59,70,73,65,96,73,6,3,5,4,20,6,9,3,5,12
Cliffcrest,81,99,110,119,138,136,110,98,134,183,19,13,11,18,23,19,19,31,42,60,6,2,7,9,1,4,5,2,3,3,42,58,59,36,53,46,36,30,21,24,0,1,0,0,1,1,0,1,0,1,29,22,25,34,15,29,23,13,14,13,0,2,0,0,2,1,1,0,4,4,39,56,63,71,65,107,88,73,78,49,4,5,3,7,3,3,9,3,5,2
Birchcliffe-Cliffside,140,133,198,161,199,209,146,142,159,209,13,17,15,13,24,26,20,30,46,71,10,18,22,17,8,5,14,11,6,6,73,81,76,83,70,57,46,42,31,35,0,1,0,1,1,0,0,0,1,0,16,26,25,15,22,32,21,14,15,13,0,0,0,0,0,2,0,1,0,1,83,108,93,58,98,93,88,68,69,54,3,5,6,5,8,7,5,4,6,7
Downtown Yonge East,343,398,357,475,503,620,508,599,543,656,27,19,17,14,48,43,25,45,43,45,158,129,117,161,188,172,102,165,177,205,88,82,85,112,123,181,144,161,110,118,1,2,1,0,2,0,1,0,0,2,89,101,100,122,143,115,86,96,76,90,0,4,3,0,2,5,4,7,3,5,193,158,143,227,182,254,192,118,81,113,23,11,30,20,20,20,24,26,19,25
Church-Wellesley,223,206,296,308,362,350,306,399,385,334,11,10,8,17,26,17,8,33,16,37,89,105,97,129,92,120,109,98,86,102,61,73,62,87,79,128,98,87,73,76,0,2,3,1,1,1,0,0,1,1,41,38,51,44,54,48,57,41,43,55,0,1,1,0,0,1,1,2,2,1,99,68,67,54,53,92,64,54,53,78,10,5,12,10,21,21,19,21,20,26
St Lawrence-East Bayfront-The Islands,182,201,228,228,317,282,278,365,403,445,20,11,7,16,20,19,13,31,39,43,124,98,128,119,153,146,129,132,124,106,57,49,62,68,78,104,98,150,128,97,0,0,0,1,0,0,0,0,2,0,35,15,16,21,42,32,45,43,34,42,4,0,3,4,2,0,4,2,5,3,124,115,88,90,72,123,160,77,101,111,16,19,16,20,17,28,18,23,23,31
Harbourfront-CityPlace,131,144,144,182,149,185,224,283,266,271,14,14,10,20,9,14,21,27,27,34,66,73,123,153,129,129,77,93,93,88,27,64,38,63,81,82,75,54,58,77,0,0,0,0,0,0,2,0,0,1,11,7,15,16,26,20,16,23,33,22,1,1,0,1,6,2,5,6,3,3,90,93,69,71,64,40,50,51,60,90,12,15,23,12,19,20,14,9,15,15
Wellington Place,449,515,559,531,489,425,320,375,474,429,28,20,25,29,40,33,40,48,73,71,109,97,164,168,186,144,117,106,115,80,77,76,114,130,176,156,180,149,128,141,1,1,0,1,1,1,1,1,2,1,32,40,47,52,53,51,24,26,63,46,3,6,3,11,9,8,2,6,8,6,212,149,84,110,102,110,145,106,79,92,19,15,20,20,24,29,25,21,22,32
Fort York-Liberty Village,97,112,99,99,130,125,93,153,164,167,10,15,14,10,13,19,16,14,16,23,40,71,60,76,102,120,66,54,32,43,33,37,28,58,43,83,46,41,28,33,0,2,0,0,1,0,0,0,0,2,9,7,4,2,5,8,14,7,10,7,1,2,1,0,3,1,1,2,4,1,41,57,24,39,32,47,44,38,30,37,11,14,11,8,8,12,4,17,15,12
West Queen West,130,138,122,136,107,115,102,112,117,108,12,7,7,6,7,14,12,13,23,14,51,45,63,67,66,88,82,38,28,42,34,29,42,31,28,65,63,51,36,43,0,0,1,0,1,0,1,0,0,0,19,12,7,7,8,11,8,13,6,10,0,2,3,1,1,1,0,1,0,0,99,50,48,87,58,56,40,52,38,31,6,4,6,4,7,6,7,6,6,5
Humber Bay Shores,58,77,77,81,75,94,82,102,121,152,7,8,7,19,9,22,17,25,52,78,9,13,31,38,62,74,39,23,23,16,13,20,16,15,14,34,19,29,27,37,0,1,0,0,0,1,0,0,2,0,1,6,3,6,15,10,8,6,8,9,0,2,0,0,0,2,1,1,3,1,47,21,35,34,14,19,28,20,66,30,6,6,10,8,7,5,11,6,12,10
Mimico-Queensway,148,128,166,262,413,230,205,268,343,519,28,26,28,22,13,41,34,32,63,69,18,19,6,22,40,23,9,18,25,5,42,46,33,43,36,46,34,25,47,34,0,0,1,1,0,0,1,0,0,1,9,13,9,17,14,7,3,8,16,8,0,1,1,1,1,1,1,2,1,2,69,48,37,43,42,73,47,35,64,54,4,9,7,5,6,14,8,7,11,25
Etobicoke City Centre,144,159,130,135,155,137,142,156,205,308,64,76,103,71,122,118,102,118,187,294,6,12,19,13,11,16,17,23,14,17,57,85,65,56,71,74,56,76,86,70,2,0,0,0,2,1,0,1,1,3,20,23,21,45,20,22,19,11,43,40,2,1,3,3,1,2,3,3,2,4,135,123,97,92,107,118,148,127,188,188,33,39,31,27,49,27,23,32,45,60
Islington,88,52,84,72,83,77,75,56,96,137,26,24,33,24,36,57,50,58,94,170,14,12,6,6,4,7,13,8,4,8,54,58,40,40,48,51,43,44,53,58,0,0,0,0,0,0,0,0,0,0,18,12,21,24,14,15,16,10,26,12,0,4,3,0,2,2,1,1,0,0,75,104,54,64,73,73,71,38,74,47,2,6,6,6,5,9,8,6,8,13
Bendale South,59,71,80,103,84,67,79,62,41,82,10,12,7,11,15,20,8,15,21,24,4,2,7,2,0,1,0,3,3,2,26,29,28,35,18,21,11,4,8,15,1,0,1,0,0,0,0,0,0,0,15,16,17,13,4,6,3,9,5,20,1,0,2,1,1,0,3,2,1,1,15,29,17,47,26,37,24,26,28,25,2,2,4,4,0,1,1,0,1,2
Caledonia-Fairbank,57,61,64,69,62,75,51,65,61,63,11,4,11,7,11,9,10,9,25,33,3,1,5,3,3,0,4,3,2,9,28,19,13,10,9,9,10,10,6,14,0,0,0,0,0,0,0,0,0,1,14,9,15,9,9,16,7,3,4,4,0,1,0,1,2,0,2,2,0,2,17,11,12,21,21,22,19,20,24,10,5,1,1,1,1,2,2,5,2,2
Briar Hill-Belgravia,66,79,64,67,78,74,75,65,91,89,14,14,15,10,36,19,37,28,54,37,20,9,7,7,12,3,13,1,5,5,43,29,31,31,33,49,46,39,26,38,0,0,0,1,0,0,0,1,1,0,16,12,21,22,23,27,8,14,14,22,0,0,2,4,0,4,1,0,6,1,29,35,31,32,32,35,66,58,42,53,9,2,4,4,4,6,8,3,7,8
Oakwood Village,118,145,147,123,139,164,126,103,164,112,20,12,26,14,31,40,24,30,64,58,18,22,17,14,7,12,13,11,12,10,25,29,23,41,19,49,32,36,38,36,2,0,0,0,0,2,2,0,0,0,39,20,35,26,20,45,25,14,25,13,1,3,11,2,11,13,7,3,5,2,27,41,26,62,35,50,49,58,47,45,2,3,2,5,2,2,3,8,5,3
Humewood-Cedarvale,37,49,53,41,47,45,42,49,42,54,11,7,17,22,21,16,26,34,56,53,27,51,18,13,19,13,29,16,23,14,31,39,27,39,34,28,49,19,32,38,0,1,0,1,0,0,0,0,0,0,8,11,7,8,4,11,6,3,5,1,0,0,0,1,0,0,0,0,1,0,82,59,40,34,61,48,62,39,38,26,3,3,5,5,7,3,6,2,2,3
Lawrence Park North,26,25,22,34,21,37,43,38,32,32,23,22,14,27,39,18,23,46,81,81,8,10,14,20,12,23,17,19,11,6,35,35,27,29,13,23,19,20,29,33,1,0,0,0,0,0,0,0,0,0,0,6,4,6,2,5,12,8,6,6,1,0,0,0,0,0,0,0,0,0,63,35,22,38,39,56,46,27,28,33,4,5,3,6,4,4,1,1,3,7
Lawrence Park South,15,31,19,22,14,24,27,35,33,33,15,28,20,16,30,27,30,62,96,120,6,11,12,18,16,11,32,17,9,6,68,47,44,48,36,57,58,26,35,58,0,0,0,0,0,0,0,0,0,0,2,6,2,5,5,15,12,7,8,7,0,0,0,0,0,0,0,0,1,0,48,20,25,33,27,54,50,27,39,22,5,3,1,2,2,8,12,2,5,6
Forest Hill North,24,28,28,38,33,40,40,40,45,63,12,13,8,11,21,27,42,35,38,53,17,41,13,9,7,20,24,5,2,3,38,36,19,46,42,38,45,12,14,46,0,0,0,0,0,0,0,0,0,0,5,5,8,8,16,19,16,2,7,9,0,0,0,0,1,1,0,1,0,0,35,16,13,39,32,32,57,38,10,35,3,4,2,3,0,3,7,2,6,3
Forest Hill South,24,16,12,27,13,28,26,18,33,43,5,13,9,12,26,20,38,75,82,94,9,11,9,8,16,8,23,21,7,11,48,18,27,66,42,35,33,25,26,75,0,0,0,0,0,0,0,0,0,0,4,1,2,5,8,18,5,2,0,1,0,0,0,1,0,0,0,0,0,1,26,11,16,19,25,30,47,27,29,15,5,5,5,8,2,4,6,3,10,3
Yonge-Eglinton,53,62,66,64,59,90,91,64,123,104,6,9,3,2,11,12,17,28,35,40,11,19,22,21,14,16,38,14,14,16,36,24,19,24,25,41,34,31,33,33,0,1,0,0,0,1,0,0,1,0,15,10,12,12,28,12,9,4,4,12,0,0,0,0,0,1,0,0,1,2,25,11,8,24,22,44,42,22,35,18,5,5,2,4,5,9,7,2,6,15
Mount Pleasant East,29,32,19,43,38,58,42,47,54,77,7,4,8,10,15,17,19,38,63,57,8,38,20,11,24,19,36,23,12,13,30,17,15,21,36,50,37,33,28,20,0,0,0,0,0,0,0,0,0,0,1,7,3,8,9,13,15,9,4,8,0,0,0,0,0,1,0,0,1,0,25,24,15,30,32,55,53,26,44,23,2,3,1,4,9,3,4,3,6,5
Rosedale-Moore Park,65,106,109,109,131,129,148,150,215,271,10,26,12,4,31,34,52,73,108,143,48,67,50,53,66,69,73,52,72,45,99,27,60,72,62,101,99,64,68,101,0,0,0,0,1,0,0,1,0,1,15,20,19,31,25,22,22,28,20,24,0,1,1,0,0,0,1,1,1,1,88,42,40,53,70,63,51,34,45,46,7,9,9,10,11,14,10,8,13,23
Yonge-St.Clair,16,26,32,26,27,35,23,50,45,35,2,3,7,2,6,6,9,13,32,38,8,19,14,12,15,24,25,12,19,14,37,20,12,18,24,28,27,30,26,36,0,0,0,0,0,0,0,0,0,0,3,1,6,2,1,2,4,5,7,2,0,0,1,0,0,0,0,0,0,0,7,9,7,7,23,22,20,23,21,19,3,5,7,0,3,6,3,3,1,2
Casa Loma,26,34,43,34,44,55,65,46,59,56,4,3,5,8,18,5,20,21,30,42,18,19,15,11,17,19,24,18,6,9,32,24,19,27,23,34,36,35,18,47,0,0,0,0,1,0,0,0,0,0,8,5,2,9,6,8,3,1,10,15,0,0,0,0,0,0,0,1,1,0,23,26,23,16,22,31,29,8,21,10,4,5,7,7,2,2,7,4,3,6
Annex,212,226,260,252,246,283,259,304,365,396,12,15,19,24,34,27,39,39,66,81,96,111,125,136,124,143,164,118,77,81,156,108,123,117,172,212,204,157,139,138,0,0,0,0,2,1,0,0,0,0,42,41,35,63,43,33,40,47,43,67,0,0,5,2,2,2,0,1,2,0,125,172,164,172,195,173,133,80,112,107,22,19,22,29,44,41,31,34,37,63
Wychwood,54,70,82,56,75,69,84,60,85,89,5,15,19,12,21,9,26,13,33,26,11,36,35,20,14,23,21,13,16,13,31,29,29,38,30,49,45,33,28,41,0,0,0,0,0,1,1,0,0,0,15,12,9,18,22,12,19,5,6,25,0,1,0,0,1,1,2,1,1,6,15,23,26,29,43,39,34,13,25,22,3,1,4,4,2,1,1,2,9,1
Corso Italia-Davenport,72,84,70,89,91,93,85,114,99,147,16,9,7,12,11,16,12,23,38,39,13,7,9,12,5,10,15,12,7,18,29,22,15,31,32,40,41,31,24,41,0,1,0,0,0,0,1,0,0,1,19,16,29,30,18,32,12,1,11,19,0,0,1,1,0,2,4,0,3,3,26,36,27,21,34,38,45,23,21,39,2,4,2,3,5,5,6,4,3,12
Weston-Pelham Park,92,95,83,77,87,115,102,92,101,119,23,16,16,8,14,13,19,16,29,21,16,13,4,6,0,9,6,2,3,7,26,23,16,8,23,24,30,23,14,38,1,1,1,0,1,1,0,0,0,0,11,13,15,10,25,5,4,6,11,6,1,1,4,2,4,3,4,4,4,4,22,28,21,11,27,24,36,17,17,16,4,4,8,1,2,3,3,1,3,4
Junction Area,101,101,107,90,133,93,103,115,113,136,25,24,20,24,38,31,35,25,45,46,25,20,26,23,26,22,21,15,10,16,36,33,33,46,62,42,51,45,56,68,1,0,0,0,0,0,0,0,0,0,15,15,12,14,26,15,12,9,23,19,1,1,1,0,1,2,0,0,0,1,34,38,34,47,64,53,52,36,43,40,4,2,4,8,6,9,6,5,13,9
Oakridge,169,184,143,167,163,165,158,189,186,215,21,15,11,11,15,9,21,20,23,22,14,15,4,11,12,10,6,8,7,3,63,67,59,69,65,50,36,28,35,29,0,1,0,0,0,0,1,0,0,0,48,34,30,37,37,33,26,22,11,20,3,12,3,7,4,2,8,3,1,3,34,77,71,56,60,50,48,66,62,54,2,4,10,1,4,6,4,5,7,4
Clairlea-Birchmount,257,269,253,255,299,295,197,239,256,278,44,30,49,40,48,71,54,50,71,122,26,21,8,17,10,6,5,12,7,8,130,115,87,102,65,65,60,57,77,59,0,2,1,0,3,1,1,2,1,0,52,48,46,57,30,40,31,9,19,22,3,5,0,0,8,3,2,3,4,4,106,101,109,108,144,130,111,143,117,92,4,15,18,7,12,15,6,15,15,10
Wexford/Maryvale,189,220,202,204,202,242,163,212,209,260,59,52,42,67,86,97,88,92,130,203,19,10,8,5,7,6,11,10,10,27,124,92,76,87,100,86,80,70,75,77,1,0,2,0,2,1,1,1,1,0,51,36,24,35,35,31,29,28,39,31,3,3,4,6,5,3,3,4,5,4,110,126,117,129,91,88,132,136,140,118,17,16,13,11,13,14,11,15,22,19
Tam O'Shanter-Sullivan,105,95,102,125,132,114,135,119,118,136,23,19,21,18,31,25,39,58,80,100,2,2,3,5,4,6,13,7,9,16,49,68,62,54,77,67,54,15,35,43,0,1,0,0,1,2,1,0,1,0,26,38,26,26,17,29,18,13,32,21,0,3,2,2,4,3,2,5,1,3,67,57,43,78,56,60,57,58,100,70,4,7,8,8,3,3,3,5,5,5
Steeles,46,36,44,41,33,47,39,51,45,49,20,16,31,31,24,31,29,45,41,63,1,3,1,6,0,0,0,0,1,3,62,59,48,43,62,66,25,17,33,27,0,0,0,0,0,0,0,0,0,0,8,9,16,5,9,8,6,7,7,7,2,0,0,0,1,0,2,1,0,1,24,26,21,32,41,40,21,28,41,23,3,3,2,6,3,5,1,2,4,1
Mount Dennis,97,102,110,103,94,92,72,98,119,122,27,14,18,17,16,23,24,26,39,55,3,1,3,5,2,2,1,6,4,3,18,20,31,17,21,14,22,15,24,31,1,0,0,0,1,3,1,1,0,0,27,13,34,34,10,16,19,11,7,9,4,1,3,1,4,4,1,2,2,2,21,54,19,18,31,29,41,33,38,32,4,1,0,5,1,5,3,3,5,7
Lambton Baby Point,29,42,21,22,25,26,31,34,54,31,7,6,1,9,16,10,11,11,24,20,7,10,6,3,6,10,10,6,6,1,17,13,9,10,10,15,13,6,11,15,0,0,0,0,0,0,0,0,0,0,1,8,5,3,1,4,1,0,1,5,1,3,0,1,0,3,0,0,1,1,22,14,14,8,24,17,16,7,6,8,0,2,2,0,2,1,2,1,1,2
Weston,174,151,183,179,156,191,204,204,242,243,55,36,40,42,55,46,78,60,97,106,7,5,6,11,13,8,10,6,6,11,33,54,44,75,38,58,24,36,46,61,0,0,3,1,1,2,3,0,2,1,35,45,42,46,42,25,27,25,32,36,3,6,13,8,8,13,5,4,5,4,75,63,93,84,73,71,88,70,86,60,4,3,4,3,8,4,10,5,9,4
Beechborough-Greenbrook,60,67,62,62,47,67,47,57,70,82,10,7,9,9,11,13,15,18,21,23,1,5,1,0,1,1,0,0,0,3,20,15,11,16,25,11,7,7,13,24,0,0,0,0,0,0,0,2,0,1,16,11,13,9,13,12,4,13,2,12,1,4,1,1,0,5,1,5,2,5,9,17,8,17,12,7,21,13,24,12,2,5,4,2,0,2,2,0,2,7
Rockcliffe-Smythe,134,136,142,113,132,148,126,139,174,180,48,41,34,50,53,38,62,47,61,75,11,13,9,12,6,5,1,11,7,12,37,38,38,37,24,43,37,35,33,53,0,2,0,0,0,1,2,1,0,0,39,37,61,47,19,9,14,16,19,20,2,6,3,1,4,6,5,12,7,8,51,54,42,58,75,72,66,42,59,93,7,3,4,10,15,9,4,5,12,11
Keelesdale-Eglinton West,71,63,55,61,78,60,84,75,105,112,18,14,16,29,23,33,23,24,29,34,3,4,3,6,3,2,5,2,3,2,23,20,14,14,31,18,23,27,17,29,1,0,0,1,0,1,0,3,0,1,35,20,28,24,20,11,11,7,11,26,2,5,1,3,5,0,2,2,0,1,18,17,12,22,21,29,31,34,35,23,1,2,0,4,3,9,4,1,0,3
Palmerston-Little Italy,84,80,69,83,83,95,60,78,85,77,13,16,14,15,20,13,16,11,24,14,47,52,54,52,65,48,65,28,32,33,54,44,40,37,46,51,48,32,36,35,0,0,0,0,0,0,0,1,1,2,29,16,30,14,21,10,9,9,13,21,1,0,0,1,0,0,0,0,0,2,42,112,45,84,80,65,51,22,36,30,6,1,6,7,11,12,4,0,7,8
University,134,155,124,160,126,129,74,92,110,127,8,7,13,7,10,12,6,6,16,7,106,110,136,145,140,75,69,61,116,53,73,60,51,64,74,91,59,32,39,55,0,0,0,1,0,1,0,0,0,0,48,24,34,23,20,16,9,12,14,14,0,0,0,1,1,0,0,1,0,0,79,72,60,114,73,59,58,23,38,39,7,10,6,6,18,7,6,5,12,11
Kensington-Chinatown,327,372,370,420,435,381,394,380,381,482,24,28,30,30,23,43,57,25,36,50,92,104,128,144,142,119,99,107,89,137,103,99,80,106,240,278,174,97,104,145,0,1,5,0,3,0,1,2,1,1,79,54,67,91,79,47,43,25,42,46,2,4,9,9,7,4,6,9,5,5,540,510,530,431,285,350,191,91,96,104,19,36,20,27,27,36,26,21,21,29
North St.James Town,153,158,136,160,167,228,232,261,221,276,22,11,17,14,9,20,27,20,15,10,44,59,61,66,40,54,50,27,36,41,71,72,52,48,71,70,61,45,37,40,2,2,0,0,0,0,0,0,1,0,35,30,21,34,30,34,35,16,23,29,1,0,2,1,6,2,1,3,4,1,93,89,153,53,87,99,76,37,64,56,6,3,8,8,3,15,9,3,5,9
Moss Park,360,401,471,449,556,642,756,637,548,627,26,21,16,21,51,43,41,50,59,43,100,103,117,140,135,108,107,95,90,99,153,97,129,133,137,232,202,154,128,145,1,1,2,3,4,3,2,1,3,7,123,136,124,99,160,140,136,88,66,56,3,4,5,7,9,2,4,3,10,3,183,172,140,172,247,220,167,127,91,108,7,13,12,20,36,25,15,16,16,25
Regent Park,103,104,122,122,139,172,144,179,127,160,9,14,3,10,10,23,11,9,11,12,30,27,39,37,45,45,30,14,15,27,33,30,25,29,27,65,28,32,25,40,1,0,1,4,2,1,1,1,0,0,22,18,18,18,30,17,13,16,11,20,6,4,8,9,10,6,7,2,3,2,57,59,45,39,70,59,42,22,27,34,8,5,2,2,4,6,4,6,5,8
Cabbagetown-South St.James Town,86,105,127,100,116,146,140,125,136,131,8,7,9,8,19,23,15,5,19,19,64,73,67,49,86,61,48,38,38,31,72,68,52,58,41,110,70,68,67,53,2,0,0,0,0,0,1,1,0,0,9,13,24,42,33,18,19,15,23,14,1,1,0,1,1,2,0,0,0,0,70,116,109,104,109,74,55,51,52,50,4,5,7,7,6,3,3,7,9,6
South Riverdale,211,203,232,240,299,256,218,230,302,339,20,23,27,37,41,38,39,48,77,81,70,90,129,114,135,72,112,94,52,85,88,98,150,93,91,132,143,135,102,97,1,0,3,5,2,0,0,2,1,1,60,43,49,66,39,36,35,30,42,44,2,0,7,9,4,6,3,2,6,3,214,150,150,122,165,156,137,124,80,91,17,17,22,26,24,21,22,21,22,27
Blake-Jones,77,71,65,64,67,73,58,51,59,81,6,5,5,8,10,8,7,5,9,7,12,15,12,16,6,18,20,20,6,11,20,28,23,17,27,18,27,27,22,34,0,0,1,0,0,0,0,0,1,1,12,13,13,16,15,10,5,13,11,11,1,1,4,2,2,2,2,1,2,4,32,21,21,17,13,23,26,13,14,15,2,2,0,2,1,4,5,2,1,3
North Riverdale,49,65,51,66,55,73,35,54,76,80,12,10,7,10,11,21,14,15,31,27,27,25,30,27,49,38,36,17,21,15,43,51,41,28,34,43,34,32,29,32,0,0,1,1,0,0,0,1,0,1,20,34,31,24,18,22,15,5,9,9,0,0,2,0,0,1,0,1,0,2,61,45,52,40,32,56,37,33,31,19,3,2,6,5,5,5,2,1,3,2
Playter Estates-Danforth,48,38,68,66,51,74,71,53,95,106,2,7,7,4,8,9,6,6,17,32,20,8,15,15,11,11,32,26,27,11,36,40,24,15,23,35,50,41,31,25,0,0,0,0,2,0,0,0,0,0,13,11,10,6,6,10,7,12,14,18,0,0,0,2,1,2,1,1,1,2,27,21,9,24,20,66,30,33,41,26,0,2,3,1,2,6,7,1,4,0
Danforth,83,89,74,78,101,83,60,83,115,132,8,4,5,4,11,8,7,22,22,25,10,11,26,10,23,28,39,65,31,13,39,40,41,29,30,40,40,51,57,23,1,1,1,1,1,0,1,0,0,0,14,19,19,29,33,20,16,12,22,21,0,1,1,1,1,1,1,0,2,2,39,60,18,15,29,58,59,50,40,28,2,4,4,3,5,4,2,5,3,5
Greenwood-Coxwell,112,143,101,78,121,129,119,113,117,127,16,17,13,13,17,29,30,18,24,29,16,25,37,27,26,39,56,60,33,16,48,34,62,33,38,48,41,38,35,23,2,0,0,0,1,0,0,0,1,1,16,18,14,25,20,11,23,15,33,7,2,1,1,1,0,5,2,2,1,0,52,64,59,36,65,100,100,59,39,36,5,7,7,8,6,5,4,6,7,3
Woodbine Corridor,91,75,84,80,96,102,71,78,110,102,7,10,10,5,12,8,11,13,19,32,5,14,30,18,21,24,32,19,14,9,32,25,52,30,24,33,34,31,24,25,0,3,0,0,0,0,1,1,1,0,13,16,9,19,27,12,6,8,8,7,0,2,1,0,0,2,0,0,1,1,41,38,29,39,80,68,54,34,25,34,2,3,6,3,7,3,4,2,5,3
The Beaches,88,110,84,113,100,84,87,91,121,113,8,24,7,11,32,21,24,30,54,58,53,18,89,31,37,37,47,21,21,25,45,42,77,34,43,58,64,39,43,39,0,0,0,0,0,0,0,0,0,1,17,14,16,48,11,16,7,17,20,16,0,0,0,0,0,2,0,0,0,0,69,98,65,62,99,54,61,48,51,49,8,5,3,7,5,9,10,8,8,16
East End-Danforth,177,190,167,172,182,183,144,183,215,218,20,14,23,25,32,20,28,39,41,50,40,46,51,38,45,31,49,42,45,27,80,90,77,63,79,62,61,67,69,44,3,0,0,0,1,0,0,2,0,2,34,33,42,42,32,27,26,28,23,17,1,0,2,2,2,2,2,2,2,1,78,115,78,66,96,67,110,83,83,64,4,9,11,9,8,9,5,8,12,7
Taylor-Massey,119,95,97,100,123,115,112,116,115,144,12,9,6,5,12,11,14,20,15,28,9,8,9,5,17,4,17,17,11,16,32,71,42,27,41,63,31,16,25,18,0,1,1,1,0,1,0,0,1,0,25,41,17,18,18,13,27,10,10,28,2,0,2,2,1,2,3,2,3,1,30,47,35,38,30,47,56,54,58,33,4,3,5,2,4,3,8,10,4,3
Woodbine-Lumsden,51,41,36,34,41,35,31,33,41,32,2,6,2,1,2,8,4,9,22,16,5,3,7,2,6,8,7,3,1,5,36,18,14,10,14,10,12,11,6,12,0,1,0,1,0,1,0,0,0,1,5,7,3,6,6,3,6,2,5,0,0,0,1,1,1,0,0,0,0,0,49,35,36,17,34,35,38,32,15,13,2,3,6,0,3,5,1,0,1,4
Danforth East York,75,56,50,82,84,88,59,61,70,102,6,10,12,9,14,9,16,16,51,51,5,4,21,9,9,12,21,22,13,4,31,24,42,25,18,24,33,23,26,12,0,0,0,0,0,0,1,0,0,0,4,10,6,10,11,11,9,6,5,4,0,0,0,1,1,1,0,1,0,0,60,66,43,19,38,83,59,58,50,45,1,3,4,0,3,8,5,4,3,4
Old East York,47,50,39,40,58,45,28,35,67,63,3,5,6,0,9,4,8,19,22,32,4,2,1,5,3,0,8,4,7,6,21,11,26,17,28,13,15,6,22,7,0,0,1,0,1,0,0,0,0,0,17,4,8,4,6,9,5,7,7,6,0,1,1,1,1,0,1,0,2,2,35,32,17,21,20,36,28,21,26,27,4,3,2,2,0,3,4,5,1,1
Runnymede-Bloor West Village,27,39,37,32,31,43,32,25,42,58,15,12,9,20,26,29,17,20,30,42,21,19,15,21,5,8,8,7,5,15,21,25,22,19,22,27,29,12,22,31,0,0,0,0,0,0,0,0,1,0,12,19,14,14,19,20,7,5,13,18,0,1,0,0,0,0,0,0,0,1,32,29,18,21,20,35,15,24,19,19,1,1,1,0,2,2,3,8,0,6
High Park North,80,91,90,105,103,91,89,95,129,187,8,14,7,9,20,25,18,22,36,41,32,36,46,60,53,50,58,29,33,28,17,70,28,54,62,68,32,38,32,54,1,0,0,0,0,0,0,0,1,1,15,23,28,35,25,11,17,10,14,24,0,0,0,0,0,0,0,0,0,0,35,21,18,42,29,45,46,27,53,26,5,2,2,2,4,5,4,5,6,4
High Park-Swansea,88,123,97,97,84,103,78,87,101,106,19,16,12,14,21,29,42,26,76,54,19,22,57,33,46,35,20,31,16,19,46,50,32,40,45,54,50,28,50,52,0,0,0,0,0,1,0,0,1,1,25,41,18,27,13,26,10,12,13,9,0,1,4,3,2,3,2,2,3,3,54,71,51,57,27,58,50,33,42,40,8,5,5,10,3,13,8,4,5,10
Roncesvalles,78,117,119,112,85,112,111,90,98,136,12,6,12,20,22,14,15,18,22,28,26,42,28,72,68,54,45,24,21,21,38,36,42,48,75,95,67,67,53,48,0,0,0,0,2,1,0,0,0,0,24,20,30,25,22,25,22,12,17,21,0,0,4,6,2,5,1,3,0,1,23,28,34,59,55,45,51,41,42,39,2,2,3,12,5,10,4,8,8,5
South Parkdale,205,227,237,235,220,256,251,274,274,324,13,20,23,19,17,22,17,17,33,43,26,24,31,46,44,78,50,32,29,30,45,51,71,58,78,89,89,63,61,63,0,0,1,0,0,1,0,0,1,0,24,39,41,31,37,34,19,20,9,23,0,1,7,6,6,2,4,4,3,0,79,43,49,86,44,55,41,52,59,34,5,4,9,11,9,24,13,6,10,21
Little Portugal,82,80,110,93,87,88,84,107,113,129,11,14,12,18,12,11,28,7,26,23,39,40,41,81,56,64,74,42,19,17,41,39,40,40,56,58,54,40,32,32,1,2,1,0,1,0,0,0,0,0,11,7,9,13,12,10,9,10,14,15,0,1,0,0,1,1,0,1,0,1,25,32,31,44,31,41,43,26,30,45,5,1,4,2,11,9,6,7,4,10
Dufferin Grove,94,91,94,85,118,91,86,89,86,148,12,7,8,11,17,6,18,20,10,18,26,40,45,45,30,45,37,28,37,58,28,34,27,25,46,44,56,29,27,36,0,0,1,0,0,0,1,0,0,0,33,34,21,13,26,32,20,4,19,29,0,0,1,2,2,0,3,2,2,1,54,30,38,34,48,45,47,24,25,39,8,5,3,3,9,8,4,3,6,8
Trinity-Bellwoods,120,112,137,128,123,114,103,127,137,139,13,16,23,23,20,23,15,19,31,28,38,42,69,60,66,59,80,39,31,46,68,56,46,69,63,110,86,49,69,73,0,0,1,0,0,0,1,0,0,0,26,15,17,20,15,22,21,19,31,25,0,3,2,1,1,0,2,2,1,1,97,66,63,67,66,57,30,28,37,40,9,6,2,6,8,3,8,8,10,9
Don Valley Village,112,137,135,128,123,149,99,120,117,166,50,28,28,29,26,21,36,34,69,161,7,7,2,4,9,4,6,17,4,7,80,47,66,32,58,34,30,31,31,45,2,0,0,0,0,0,2,0,0,2,46,33,24,19,36,34,23,18,29,30,1,2,1,0,2,3,0,2,2,5,77,102,54,36,50,69,55,63,82,104,8,6,8,10,11,14,6,11,11,14
Pleasant View,32,42,52,44,39,44,40,26,32,52,11,6,7,17,13,24,28,14,27,45,1,0,2,2,1,3,6,8,2,11,18,18,32,11,33,12,19,17,15,17,0,0,0,0,0,0,0,0,0,0,6,16,13,5,9,14,10,8,9,14,0,1,1,0,1,0,0,0,0,0,33,46,13,26,29,46,47,73,52,36,2,5,3,5,5,4,6,6,4,5
Flemingdon Park,131,150,159,126,148,153,132,148,142,167,8,7,5,12,8,9,18,17,22,39,13,10,4,5,2,7,4,5,4,6,50,20,14,12,14,16,12,10,22,24,1,0,0,0,0,0,0,1,0,0,27,20,25,20,16,13,5,4,13,13,6,5,8,5,6,9,14,8,1,4,112,16,47,16,25,17,29,35,27,49,9,3,3,4,1,3,3,2,1,5
Victoria Village,103,127,126,75,108,122,114,97,122,146,20,12,21,14,11,15,17,40,35,54,3,3,1,1,3,1,1,3,5,2,39,46,22,32,36,59,34,22,38,26,0,0,2,1,0,1,0,0,0,0,7,15,12,15,13,13,11,9,10,16,3,0,7,3,1,7,7,3,3,4,37,38,33,37,43,38,41,64,58,55,5,6,4,5,3,4,5,5,3,11
Banbury-Don Mills,60,78,83,107,74,75,80,87,108,132,19,21,7,16,28,43,50,34,57,150,3,12,5,10,13,2,6,12,8,14,65,87,57,64,85,81,41,23,47,99,0,0,0,0,0,0,0,0,0,1,12,29,24,11,8,13,7,3,20,24,0,0,2,1,0,2,1,2,3,4,74,41,50,59,64,58,49,41,52,65,10,14,11,5,8,16,7,8,12,14
Bridle Path-Sunnybrook-York Mills,17,31,20,26,33,45,47,44,36,48,6,12,11,3,9,11,16,39,60,80,3,6,6,6,3,6,11,1,3,8,36,36,49,67,53,53,30,19,45,96,0,0,0,0,0,0,0,0,0,0,2,1,2,1,1,13,8,5,3,3,0,0,0,1,2,3,3,0,1,0,27,16,12,12,19,25,39,12,16,26,8,3,5,5,4,3,6,1,6,8
St.Andrew-Windfields,53,41,53,47,59,63,48,50,58,58,17,25,10,16,24,40,31,64,85,136,8,1,7,5,7,4,16,14,8,11,81,79,56,88,81,84,50,33,52,90,1,0,0,2,0,0,0,0,0,1,8,5,17,1,5,11,9,2,8,15,1,0,2,0,1,2,1,0,0,0,59,43,27,31,27,50,60,62,52,34,10,14,9,7,6,7,4,7,12,12
Bedford Park-Nortown,60,28,34,52,39,59,52,44,42,52,40,40,30,47,49,63,81,105,167,229,11,9,20,11,20,20,8,3,6,7,84,67,100,121,101,90,63,30,64,122,0,0,0,0,0,0,0,0,0,0,13,8,18,17,13,14,18,10,12,12,1,0,1,0,0,2,1,2,0,0,68,65,46,87,74,119,111,50,53,71,10,14,7,13,7,18,10,4,8,13
Lansing-Westgate,39,77,65,84,65,70,97,93,66,89,18,22,26,28,16,25,46,63,65,113,6,4,13,5,4,5,11,12,1,11,34,27,41,42,50,39,39,16,37,58,0,0,0,0,0,0,0,0,3,0,11,5,5,14,32,9,11,12,14,24,0,1,1,0,1,2,1,3,2,0,22,31,38,32,52,72,85,40,51,56,4,5,4,11,6,10,8,5,12,8
Willowdale West,77,101,95,75,95,105,82,82,120,115,9,14,11,13,11,24,45,35,44,59,5,15,47,23,8,11,13,18,18,6,29,16,38,30,35,20,23,16,30,40,0,0,0,1,0,0,0,0,0,0,14,1,11,23,32,25,25,29,3,38,0,0,2,0,0,0,1,0,0,0,14,17,40,45,37,56,73,67,47,53,4,6,4,4,6,9,9,9,9,11
Newtonbrook West,143,113,139,111,169,157,175,202,229,200,50,24,45,34,51,59,61,91,169,214,17,19,27,24,16,16,23,17,13,20,54,42,54,87,54,53,31,35,36,52,0,0,0,0,0,0,0,0,1,0,24,6,16,40,24,18,23,19,30,30,1,0,0,0,0,1,5,0,2,1,61,66,45,51,63,83,96,80,107,150,7,10,6,17,9,11,9,9,13,14
Westminster-Branson,81,94,111,100,100,105,93,89,88,119,29,19,24,18,35,34,49,61,84,85,8,11,15,10,5,11,14,17,4,5,61,68,19,42,40,38,15,25,31,29,0,0,0,0,0,0,0,0,0,0,13,6,10,15,15,8,17,8,14,4,0,0,2,0,1,1,1,2,0,0,79,51,44,43,61,52,70,59,137,69,3,5,7,4,4,1,6,7,11,7
Bathurst Manor,46,47,71,56,67,57,60,55,58,88,37,23,25,25,37,25,46,44,79,76,4,6,4,7,9,6,12,5,7,5,34,30,33,38,32,22,27,18,24,42,0,0,0,0,0,0,0,0,0,1,8,9,12,13,10,15,7,9,17,16,0,0,0,0,0,0,1,1,1,0,39,28,34,30,41,32,57,35,94,56,2,2,4,5,4,5,7,1,6,4
Clanton Park,75,63,57,61,85,91,81,97,117,134,70,30,50,27,42,44,43,89,164,154,6,5,1,5,11,9,11,12,15,9,61,44,41,54,52,44,33,36,39,68,0,0,1,0,0,0,0,1,0,0,8,8,7,15,11,16,16,13,19,16,1,1,0,1,0,2,4,0,1,3,37,51,41,69,65,68,77,75,65,72,5,6,6,5,9,4,5,7,10,11
Englemount-Lawrence,79,83,130,106,97,112,102,88,86,125,29,21,23,35,40,24,31,36,60,68,6,27,18,6,12,10,33,13,7,9,44,41,56,47,52,32,34,23,15,49,0,0,0,0,1,0,1,1,0,0,30,13,37,22,10,15,23,7,5,17,3,6,16,5,8,12,10,4,3,4,29,53,37,51,55,63,69,62,51,54,4,2,7,10,7,7,8,9,3,7
Yorkdale-Glen Park,106,137,175,161,176,206,157,162,180,207,67,53,41,52,63,62,88,95,193,199,13,15,11,12,15,20,33,29,18,13,51,57,66,58,64,87,75,63,59,154,1,1,1,1,2,1,1,1,1,0,23,21,24,34,47,42,40,17,32,74,3,3,1,6,10,17,15,9,7,0,105,76,63,77,97,86,128,112,130,118,23,15,26,23,20,30,18,21,40,44
Brookhaven-Amesbury,87,101,121,122,105,105,94,138,159,166,39,42,30,24,48,37,56,49,68,74,2,6,4,7,6,4,1,7,4,5,23,44,31,32,33,50,33,25,20,39,1,0,1,0,0,0,0,3,2,0,32,20,33,21,20,23,16,15,12,30,2,2,3,7,2,8,1,5,5,0,34,51,27,33,46,51,61,47,50,54,5,8,1,7,11,12,10,5,8,9
Maple Leaf,21,31,42,18,27,28,28,32,51,50,7,18,15,8,13,25,18,13,47,49,0,1,0,2,1,0,2,1,0,0,14,13,18,10,7,15,10,10,21,17,0,0,0,0,0,0,0,0,0,0,9,3,8,2,6,4,2,1,5,5,0,2,0,1,2,1,1,2,1,1,12,18,13,6,33,18,31,19,19,17,0,4,0,2,4,3,2,3,3,1
Rustic,53,66,74,64,72,64,60,62,73,89,7,19,10,11,15,38,22,16,35,34,0,2,3,0,0,2,5,0,1,0,21,17,17,12,9,14,15,7,10,19,0,1,0,0,0,1,0,2,0,0,14,16,6,4,8,3,8,6,4,2,5,7,9,3,8,7,6,7,1,3,20,14,8,18,47,26,35,13,25,14,1,1,3,1,2,1,4,0,5,2
York University Heights,271,294,361,342,355,378,347,331,333,409,108,100,109,93,91,147,187,173,230,263,15,27,25,33,36,18,39,18,34,16,108,140,99,105,122,111,105,114,127,218,1,0,2,1,1,0,1,6,3,0,59,85,69,75,91,82,47,40,51,106,2,1,5,10,8,6,12,14,13,6,141,122,136,164,169,159,262,200,215,178,30,46,38,38,37,31,42,32,59,40
Glenfield-Jane Heights,296,310,315,288,307,351,285,315,283,327,45,51,65,51,68,88,120,106,161,119,10,28,10,13,8,8,15,6,5,5,36,36,30,42,38,36,51,41,34,43,0,0,1,2,0,2,1,5,3,0,49,48,71,53,53,50,50,29,31,31,8,17,22,21,25,31,34,19,10,14,79,47,88,61,82,74,139,96,81,54,7,7,9,7,11,12,19,7,11,27
Broadview North,49,58,46,57,57,69,62,55,60,81,2,4,7,6,6,3,7,11,15,17,4,9,16,10,1,13,35,10,24,11,14,21,16,24,8,25,25,18,17,22,0,0,0,1,1,0,0,1,1,0,9,4,11,5,7,5,3,10,2,3,0,0,1,1,0,0,0,1,2,0,15,24,24,12,16,26,32,22,33,28,0,2,2,1,1,1,6,1,3,3
Leaside-Bennington,40,28,40,38,36,31,29,50,33,38,11,14,3,4,40,31,43,86,79,112,26,23,38,17,23,26,48,28,10,12,39,30,33,29,34,45,40,39,41,49,0,1,0,0,0,0,0,0,0,0,7,11,8,13,8,2,8,3,4,5,0,1,0,0,0,0,0,1,1,0,66,35,19,44,29,46,43,40,62,54,9,5,3,4,3,7,6,3,3,9
Thorncliffe Park,87,106,89,100,93,121,98,118,114,128,13,12,5,9,13,15,20,16,33,55,10,5,15,10,3,8,15,17,16,10,34,27,24,19,24,28,41,35,53,49,3,1,1,4,0,0,2,0,0,0,16,10,16,9,4,13,5,14,19,12,1,1,1,2,3,8,9,3,3,4,26,17,30,25,30,27,26,34,61,33,9,6,11,9,4,5,4,0,10,8
O'Connor-Parkview,182,161,127,132,133,143,114,115,161,133,22,12,7,10,19,28,20,43,40,61,9,11,6,9,9,5,6,7,7,8,53,30,34,39,26,56,25,38,47,44,1,0,0,1,0,0,0,1,0,1,29,13,28,18,7,12,19,12,8,3,5,3,1,2,5,4,1,2,3,0,62,88,84,31,78,50,78,65,42,38,11,6,6,2,6,7,10,2,9,6
Henry Farm,62,63,73,74,76,86,87,99,96,107,14,12,10,15,16,23,21,33,31,67,4,2,1,3,1,6,12,19,7,8,38,26,12,28,22,39,33,24,36,25,0,1,0,1,1,0,0,0,0,1,7,6,6,12,10,7,6,8,12,13,0,4,0,1,2,4,3,0,2,0,58,37,44,23,24,84,40,100,83,89,4,3,1,9,5,13,6,6,10,10
Bayview Village,83,106,78,60,62,70,70,71,120,137,25,14,14,21,9,38,29,42,61,96,8,11,25,12,15,9,46,11,7,17,47,34,33,40,50,37,30,29,30,66,0,0,0,0,1,0,1,0,0,0,3,5,11,9,6,15,18,4,10,9,0,1,0,0,1,1,1,3,5,2,85,23,42,30,30,52,59,45,68,115,8,9,5,7,7,12,12,9,6,18
Newtonbrook East,76,76,94,81,86,85,60,85,81,87,15,8,8,11,14,28,39,43,59,75,9,8,9,9,6,7,1,8,9,8,36,50,42,56,64,53,38,27,38,36,0,1,1,0,1,0,0,0,0,1,8,8,10,19,7,10,15,9,9,20,0,0,2,0,1,0,1,1,4,1,22,33,26,39,34,58,46,33,46,43,1,6,5,9,4,9,10,8,9,15
Bayview Woods-Steeles,35,43,37,31,43,47,33,27,40,60,16,7,18,21,7,21,16,27,14,34,2,3,1,2,1,2,3,1,0,3,22,34,33,39,29,21,33,10,10,27,0,0,0,0,0,1,0,0,0,0,7,1,0,4,6,6,2,2,2,7,0,0,1,0,3,3,1,0,0,0,23,14,15,6,29,22,33,27,19,33,4,1,1,3,2,2,2,2,4,1
Hillcrest Village,65,58,40,52,70,68,50,44,41,68,11,10,22,18,25,27,23,40,16,73,4,4,3,7,8,9,0,4,0,2,35,48,34,31,42,35,18,20,31,40,0,0,0,0,0,1,0,1,0,0,17,7,15,27,17,17,14,9,32,13,1,0,0,1,1,2,0,1,1,1,27,46,21,20,37,46,30,56,44,42,6,5,2,4,8,6,8,4,5,8
Alderwood,44,47,39,21,30,36,37,27,43,44,9,18,17,16,25,15,28,31,68,48,5,2,3,4,9,5,8,0,12,2,18,28,26,23,23,26,43,17,42,20,1,0,0,0,0,0,0,0,3,0,8,6,10,6,8,5,12,2,7,8,1,0,0,0,0,1,0,0,1,0,37,45,45,17,20,54,47,47,31,16,7,3,10,7,7,7,5,4,8,8
Long Branch,64,67,60,65,57,59,70,95,90,96,9,15,13,14,11,11,24,41,33,37,12,10,10,17,35,11,8,11,30,16,24,33,28,27,39,29,34,15,33,27,0,0,0,0,0,0,0,1,0,0,14,14,6,14,10,30,16,1,7,7,0,0,0,3,0,0,0,3,0,0,45,52,19,42,16,44,42,39,30,19,2,4,0,3,3,1,4,3,5,2
New Toronto,86,103,98,101,105,108,87,116,163,168,9,13,10,12,12,23,21,15,42,38,7,12,6,9,35,9,16,9,21,9,24,42,42,26,21,25,41,18,24,38,0,0,1,0,2,0,0,0,0,0,19,21,19,23,20,17,11,14,16,16,1,1,1,3,1,2,4,3,0,1,20,43,32,21,37,42,40,24,48,36,2,5,5,1,1,2,5,5,7,5
Stonegate-Queensway,95,73,81,105,88,91,109,82,104,137,39,32,14,35,34,36,49,70,141,148,10,20,12,8,12,11,13,5,10,7,70,45,49,50,39,64,35,30,44,101,0,0,0,0,0,0,0,1,0,2,23,15,16,26,27,24,20,19,7,18,3,2,0,0,1,2,0,0,0,1,95,61,52,58,79,73,98,59,107,69,8,8,4,6,8,4,5,7,9,11
Kingsway South,23,33,27,20,31,29,11,30,21,65,18,16,9,21,10,29,17,36,68,88,12,16,14,8,7,7,12,6,6,9,24,23,27,31,18,25,21,9,13,55,0,0,0,0,0,0,0,0,0,0,9,17,10,15,16,13,4,14,8,8,0,0,0,1,0,0,0,0,0,0,24,34,19,28,27,23,14,17,20,13,3,3,2,6,4,4,3,3,4,6
Etobicoke West Mall,45,59,46,53,45,52,63,48,52,66,11,14,15,9,9,12,10,17,31,62,10,2,1,2,2,3,2,4,4,3,26,25,14,8,16,8,14,12,21,12,1,0,1,0,0,2,1,0,0,0,15,5,4,4,6,10,9,2,5,1,1,2,1,1,3,4,6,0,1,2,24,25,19,15,23,19,29,18,53,49,0,3,0,4,3,6,7,3,5,5
Markland Wood,23,12,26,23,24,14,42,25,35,45,8,15,13,9,19,9,29,22,31,50,32,6,1,3,5,9,1,1,1,1,52,19,19,13,25,25,12,9,12,15,0,0,0,0,0,0,0,0,0,0,9,3,10,10,4,13,17,8,11,4,0,0,0,0,1,1,0,0,0,0,58,38,44,31,22,18,16,23,40,23,3,2,2,1,2,3,7,0,3,1
Eringate-Centennial-West Deane,55,64,61,58,34,44,42,38,57,90,28,24,30,29,27,41,51,66,89,120,5,2,4,4,2,3,4,0,0,2,39,28,28,18,33,20,12,14,18,31,0,0,0,0,2,1,0,0,0,0,13,15,13,18,9,11,19,4,12,13,0,4,3,1,3,2,4,1,1,0,71,46,42,29,42,36,37,34,60,45,6,4,4,2,4,4,3,2,3,3
Princess-Rosethorn,24,15,35,27,21,26,23,25,27,25,21,19,24,19,21,28,20,23,61,115,3,4,3,3,6,5,2,5,1,2,34,29,33,29,22,33,12,12,13,63,0,0,1,0,1,0,0,0,0,0,22,4,37,7,3,15,9,2,2,12,0,0,1,3,1,0,1,1,1,2,91,74,53,30,37,33,37,34,28,19,4,4,3,3,6,4,4,2,2,5
Edenbridge-Humber Valley,25,24,29,28,23,35,33,35,31,53,26,23,28,18,18,23,37,30,76,115,3,11,5,11,3,1,4,6,2,2,43,40,46,42,45,53,23,16,30,63,0,0,0,0,0,0,0,0,0,0,7,7,4,5,6,3,9,0,6,7,0,0,2,0,0,3,1,2,2,1,87,83,47,37,23,33,27,24,39,28,3,4,2,4,5,10,1,2,9,5
Humber Heights-Westmount,24,34,31,38,39,36,23,31,32,53,27,26,17,25,15,19,23,20,29,25,3,3,1,1,3,1,1,3,4,1,19,20,23,31,29,23,9,16,10,13,1,0,1,1,2,0,0,2,1,0,11,6,11,5,5,5,2,1,9,6,1,4,7,3,3,7,0,5,1,4,68,36,28,23,35,13,36,33,18,20,1,2,4,6,3,5,1,5,1,2
Willowridge-Martingrove-Richview,83,71,98,99,78,96,95,57,98,123,45,35,49,43,53,43,70,60,106,105,2,11,2,3,3,2,1,6,5,3,43,36,35,39,66,42,21,21,27,31,0,1,0,0,2,1,0,2,0,0,20,15,53,20,17,38,16,6,15,17,2,2,3,3,5,5,7,3,4,4,118,59,51,41,69,37,43,53,66,61,4,3,4,4,4,3,4,3,5,3
Kingsview Village-The Westway,92,121,128,107,97,97,100,99,132,151,57,50,42,36,55,40,60,82,121,112,0,6,2,4,5,5,5,3,5,1,38,33,34,39,39,27,14,17,15,40,2,1,2,2,2,0,0,1,0,0,18,32,26,13,18,14,6,9,10,23,3,7,16,10,3,3,2,7,1,2,110,54,54,47,53,41,66,94,68,101,5,4,5,6,3,2,7,8,6,8
Elms-Old Rexdale,45,53,69,62,56,71,49,69,64,61,7,19,16,12,33,28,42,51,59,40,1,4,2,3,2,1,2,0,2,6,8,17,10,12,7,10,13,10,9,16,0,0,0,2,0,0,0,0,1,0,14,8,21,22,13,16,7,7,15,14,2,4,4,6,3,9,0,7,6,0,31,24,24,20,19,25,35,18,31,43,1,1,0,2,1,4,2,3,0,4
Rexdale-Kipling,50,59,70,86,76,58,49,48,58,76,13,9,22,23,57,52,40,40,55,74,0,1,2,2,1,1,1,2,1,1,17,17,16,13,18,14,18,29,21,16,0,0,0,1,0,2,0,0,2,0,14,11,15,30,22,22,14,10,13,24,0,1,3,3,3,5,1,1,1,1,58,20,13,19,35,46,42,55,52,47,2,1,0,1,3,3,1,2,9,4
Thistletown-Beaumond Heights,63,58,48,56,53,75,56,61,52,66,10,15,15,23,44,52,43,44,55,48,2,5,3,0,0,0,0,1,0,5,22,23,23,17,16,14,11,8,17,23,0,1,0,0,2,0,0,0,0,0,20,24,16,24,11,10,9,6,16,13,0,2,3,2,1,2,1,1,5,0,27,55,36,20,35,39,55,40,22,55,1,3,1,4,2,4,5,2,2,14
Mount Olive-Silverstone-Jamestown,240,236,275,278,256,275,207,212,262,297,62,58,43,50,77,87,87,77,118,152,7,5,13,9,3,5,10,6,8,11,25,37,34,34,27,35,18,16,26,24,2,2,3,0,4,3,3,0,1,4,76,106,106,69,62,59,31,50,54,54,6,11,7,9,17,15,18,10,6,16,110,62,98,69,79,110,96,83,84,121,5,5,4,1,3,8,8,3,18,11
West Humber-Clairville,288,306,293,302,318,257,250,243,269,322,309,266,323,329,506,486,407,496,775,829,4,18,18,10,9,7,5,12,6,10,148,119,131,125,170,135,111,98,135,212,0,3,2,0,0,2,2,1,1,2,82,76,91,123,91,72,76,53,69,77,4,5,10,7,14,14,5,5,5,9,371,267,226,223,394,355,374,378,464,315,41,59,41,58,51,65,56,55,61,80
Black Creek,212,214,264,229,186,205,260,207,232,231,42,45,50,33,54,72,80,65,70,83,9,9,4,2,10,7,2,7,3,5,26,27,27,27,30,38,24,27,33,29,0,0,1,0,4,0,3,0,1,0,42,38,36,50,26,44,23,12,19,28,11,11,16,12,15,6,18,13,10,7,40,27,55,46,55,65,87,65,42,54,9,4,8,17,8,9,16,9,8,13
Pelmo Park-Humberlea,60,49,62,54,74,78,55,57,82,104,29,31,26,47,67,73,59,67,93,101,3,1,1,0,4,1,5,3,5,0,30,15,24,31,24,23,20,12,32,23,0,0,1,0,1,1,0,2,1,0,13,24,12,23,19,8,7,4,8,13,0,2,5,1,3,3,4,2,3,3,38,32,36,35,50,30,48,48,42,24,3,6,4,6,4,7,10,2,9,6
Humbermede,117,135,114,158,120,168,95,134,119,159,36,34,47,58,57,70,76,61,107,122,2,5,3,3,2,1,4,2,1,2,35,35,24,21,44,62,34,30,35,29,0,0,1,1,0,0,0,0,0,0,34,27,28,35,30,27,14,18,38,14,2,8,3,6,5,4,6,4,2,2,37,31,31,23,48,42,59,45,46,76,1,9,1,7,10,8,12,13,9,11
Humber Summit,76,90,118,115,109,113,92,101,127,165,69,41,63,83,108,134,110,134,174,131,7,3,6,3,2,7,1,2,2,4,54,44,41,40,56,59,25,41,55,90,0,1,0,2,1,3,0,1,0,2,22,22,23,27,31,28,26,14,30,25,1,6,16,9,5,9,5,4,7,6,71,62,67,84,81,68,92,86,84,88,15,16,18,19,15,22,21,29,23,42
